<?xml version="1.0" encoding="UTF-8"?>
<comic>
	<comic1>
		<contenedor>
				<border1>
						 33px 33px 33px 33px
				</border1>
				<border2>
						 33px 33px 33px 33px
				</border2>
				<border3>
						 33px 33px 33px 33px
				</border3>
				<color>
						4px inset 	#F0FFF0
				</color>
				<width0>
							  95%
				</width0>
				<fondiv>
						url(fotos/3.jpg)
				</fondiv>
			<contenido>
						contenido
					<float>
						center
					</float>
					<width>
						 80%
					</width>
				<principal>
					<float1>
						left
					</float1>
					<width1>
						40%
					</width1>
				</principal>
				<secundario>
					<float2>
						
					</float2>
					<width2>
						 40%
					</width2>
				</secundario>
			</contenido>
			<mensaje1>
					Como les había ayer dicho, el auditor está aquí
				<widthmen1>
					300px
				</widthmen1>
				<heightmen1>
					45px
				</heightmen1>
				<colormen1>
					#F0FFF0
				</colormen1>
				
			</mensaje1>
			<mensaje2>
					!OOOOH, 
					otro día de tormento que doy! 
				<widthmen2>
					300px
				</widthmen2>
				<heightmen2>
					45px
				</heightmen2>
				<colormen2>
					#F0FFF0
				</colormen2>
				
			</mensaje2>	
				<personaje1>
					fotos/1.png
				</personaje1>
				<personaje2>
					fotos/2.png
				</personaje2>	
		</contenedor>
	</comic1>
	<comic1>
		<contenedor>
				<border1>
						 33px 33px 33px 33px
				</border1>
				<border2>
						 33px 33px 33px 33px
				</border2>
				<border3>
					 33px 33px 33px 33px
				</border3>
				<color>
					4px inset 	#F0FFF0
				</color>
				<width0>
						  95%
				</width0>
				<float0>
						center
				</float0>
				<fondiv>
					url(fotos/4.jpg)
				</fondiv>
			<contenido>
					contenido
				<float>
					center
				</float>
				<width>
					  80%
				</width>
				<principal>
					<float1>
						left
					</float1>
					<width1>
						40%
					</width1>
				</principal>
				<secundario>
					<float2>
						
					</float2>
					<width2>
						 40%
					</width2>
				</secundario>
			</contenido>
			<mensaje1>
					E-e-e-e-e-estas son las politicas de mi empresa 
				<widthmen1>
					300px
				</widthmen1>
				<heightmen1>
					45px
				</heightmen1>
				<colormen1>
					#F0FFF0
				</colormen1>
			</mensaje1>
			<mensaje2>
					Uuuuumm! Veamos a ver. Jajajajajajaja
				<widthmen2>
					300px
				</widthmen2>
					45px
				<heightmen2>
					45px
				</heightmen2>
				<colormen2>
					#F0FFF0
				</colormen2>
			</mensaje2>	
			<personaje1>
					fotos/4.2.png
			</personaje1>
			<personaje2>
					fotos/6.2.png
			</personaje2>	
		</contenedor>
	</comic1>

	<comic1>
		<contenedor>
				<border1>
					 33px 33px 33px 33px
				</border1>
				<border2>
					 33px 33px 33px 33px
				</border2>
				<border3>
					 33px 33px 33px 33px
				</border3>
				<color>
					4px inset 	#F0FFF0
				</color>
				<width0>
						  95%
				</width0>
				<float0>
						center
				</float0>
				<fondiv>
					url(fotos/6.jpg)
				</fondiv>
			<contenido>
						contenido
					<float>
						center
					</float>
					<width>
						  80%
					</width>
				<principal>
						<float1>
							left
						</float1>
						<width1>
							40%
						</width1>
				</principal>
				<secundario>
						<float2>
							
						</float2>
						<width2>
							 40%
						</width2>
				</secundario>

			</contenido>
				<mensaje1>
					Estos son mis servidores. ¡Qué seguridad!ummmm
					<widthmen1>
						300px
					</widthmen1>
					<heightmen1>
						45px
					</heightmen1>
					<colormen1>
						#F0FFF0
					</colormen1>
					
				</mensaje1>
				<mensaje2>
					Ya veo. -Que calamidad, diría yo
					<widthmen2>
						300px
					</widthmen2>
					<heightmen2>
						45px
					</heightmen2>
					<colormen2>
						#F0FFF0
					</colormen2>
					
				</mensaje2>	

				<personaje1>
					fotos/7.jpg
				</personaje1>
				<personaje2>
					fotos/7.2.jpg
				</personaje2>	
		</contenedor>
	</comic1>

		<comic1>
		<contenedor>
				<border1>
					 33px 33px 33px 33px
				</border1>
				<border2>
					 33px 33px 33px 33px
				</border2>
				<border3>
					 33px 33px 33px 33px
				</border3>
				<color>
					4px inset 	#F0FFF0
				</color>
				<width0>
						  95%
				</width0>
				<float0>
						center
				</float0>
				<fondiv>
					url(fotos/8.jpg)
				</fondiv>
			<contenido>
				contenido
				<float>
					center
				</float>
				<width>
					  80%
				</width>
			
			
				<principal>
					<float1>
						left
					</float1>
					<width1>
						40%
					</width1>
				</principal>
				<secundario>
						<float2>
							
						</float2>
						<width2>
							 40%
						</width2>
				</secundario>
			</contenido>
				<mensaje1>
					¿Y esto es la cafetería? Que desastre
					<widthmen1>
						300px
					</widthmen1>
					<heightmen1>
						45px
					</heightmen1>
					<colormen1>
						#F0FFF0
					</colormen1>
						
				</mensaje1>
				<mensaje2>
					No, no señor auditor,  este es el área de manipulación de equipos. Jejejeje
					<widthmen2>
						300px
					</widthmen2>
					<heightmen2>
						45px
					</heightmen2>
					<colormen2>
						#F0FFF0
					</colormen2>
				
				</mensaje2>	

				<personaje1>
					fotos/8.2.jpg
				</personaje1>
				<personaje2>
					fotos/8.3.jpg
				</personaje2>	
		</contenedor>
	</comic1>


		<comic1>
		<contenedor>
			<border1>
					 33px 33px 33px 33px
				</border1>
				<border2>
					 33px 33px 33px 33px
				</border2>
				<border3>
					 33px 33px 33px 33px
				</border3>
				<color>
					4px inset 	blue
				</color>
				<width0>
						  95%
				</width0>
				<float0>
						center
				</float0>
				<fondiv>
					url(fotos/9.jpg)
				</fondiv>
				<contenido>
					contenido
					<float>
						center
					</float>
					<width>
						  80%
					</width>
				
				
					<principal>
						<float1>
							left
						</float1>
						<width1>
							40%
						</width1>
					</principal>
					<secundario>
						<float2>
							
						</float2>
						<width2>
							 40%
						</width2>
					</secundario>

				</contenido>
				<mensaje1>
					UUUUmmm interesante, ni en sueños seré un cliente de esta empresa 
					<widthmen1>
						300px
					</widthmen1>
					<heightmen1>
						45px
					</heightmen1>
					<colormen1>
						#F0FFF0
					</colormen1>
					
				</mensaje1>
				<mensaje2>
					Como ves señor auditor, esta es el área de manipulación de información
					<widthmen2>
						300px
					</widthmen2>
					<heightmen2>
						45px
					</heightmen2>
					<colormen2>
						#F0FFF0
					</colormen2>
					
				</mensaje2>	

				<personaje1>
					fotos/9.1.jpg
				</personaje1>
				<personaje2>
					fotos/9.3.png
				</personaje2>	
		</contenedor>
	</comic1>

	<comic1>
		<contenedor>
			<border1>
					 33px 33px 33px 33px
				</border1>
				<border2>
					 33px 33px 33px 33px
				</border2>
				<border3>
					 33px 33px 33px 33px
				</border3>
				<color>
					4px inset 	#F0FFF0
				</color>
				<width0>
						  95%
				</width0>
				<float0>
						center
				</float0>
				<fondiv>
					url(fotos/10.jpg)
				</fondiv>
				<contenido>
					contenido
					<float>
						center
					</float>
					<width>
						  80%
					</width>
				
				
					<principal>
						<float1>
							left
						</float1>
						<width1>
							40%
						</width1>
					</principal>
					<secundario>
						<float2>
							
						</float2>
						<width2>
							 40%
						</width2>
					</secundario>

				</contenido>
				<mensaje1>
					MI empresa es genial ¿verdad?
					<widthmen1>
						300px
					</widthmen1>
					<heightmen1>
						45px
					</heightmen1>
					<colormen1>
						#F0FFF0
					</colormen1>
					
				</mensaje1>
				<mensaje2>
					Siiii es genialmente un fracaso
					<widthmen2>
						300px
					</widthmen2>
					<heightmen2>
						45px
					</heightmen2>
					<colormen2>
						#F0FFF0
					</colormen2>
					
				</mensaje2>	

				<personaje1>
					fotos/10.3.jpg
				</personaje1>
				<personaje2>
					fotos/10.5.jpg
				</personaje2>	
		</contenedor>
	</comic1>

		<comic1>
		<contenedor>
			<border1>
					 33px 33px 33px 33px
				</border1>
				<border2>
					 33px 33px 33px 33px
				</border2>
				<border3>
					 33px 33px 33px 33px
				</border3>
				<color>
					4px inset 	#F0FFF0
				</color>
				<width0>
						  95%
				</width0>
				<float0>
						center
				</float0>
				<fondiv>
					url(fotos/10.jpg)
				</fondiv>
				<contenido>
					contenido
					<float>
						center
					</float>
					<width>
						  80%
					</width>
				
				
					<principal>
						<float1>
							left
						</float1>
						<width1>
							40%
						</width1>
					</principal>
					<secundario>
						<float2>
							
						</float2>
						<width2>
							 40%
						</width2>
					</secundario>

				</contenido>
				<mensaje1>
					Pero, pero ¿porqueeeeeee?
					<widthmen1>
						300px
					</widthmen1>
					<heightmen1>
						45px
					</heightmen1>
					<colormen1>
						#F0FFF0
					</colormen1>
					
				</mensaje1>
				<mensaje2>
					Temo  decirte que estas sancionado por falta de inseguridad informática
					<widthmen2>
						300px
					</widthmen2>
					<heightmen2>
						45px
					</heightmen2>
					<colormen2>
						#F0FFF0
					</colormen2>
					
				</mensaje2>	

				<personaje1>
					fotos/10.1.jpg
				</personaje1>
				<personaje2>
					fotos/10.2.jpg
				</personaje2>	
		</contenedor>
	</comic1>


		<comic1>
		<contenedor>
				<border1>
					 33px 33px 33px 33px
				</border1>
				<border2>
					 33px 33px 33px 33px
				</border2>
				<border3>
					 33px 33px 33px 33px
				</border3>
				<color>
					4px inset 	#F0FFF0
				</color>
				<width0>
						  95%
				</width0>
				<float0>
						center
				</float0>
				<fondiv>
					url(fotos/10.jpg)
				</fondiv>
			<contenido>
					contenido
					<float>
						center
					</float>
					<width>
						  80%
					</width>
				
				
					<principal>
						<float1>
							left
						</float1>
						<width1>
							40%
						</width1>
					</principal>
					<secundario>
						<float2>
							
						</float2>
						<width2>
							 40%
						</width2>
					</secundario>
			</contenido>
				<mensaje1>
					Yo pensé que era el mejor en seguridad ummm. Pero aun lo creo, jejejej
					
					<widthmen1>
						300px
					</widthmen1>
					<heightmen1>
						45px
					</heightmen1>
					<colormen1>
						#F0FFF0
					</colormen1>
					
				</mensaje1>
				<mensaje2>
					Las reglas son las reglas.
					<widthmen2>
						300px
					</widthmen2>
					<heightmen2>
						45px
					</heightmen2>
					<colormen2>
						#F0FFF0
					</colormen2>
					
				</mensaje2>	

				<personaje1>
					fotos/10.4.jpg
				</personaje1>
				<personaje2>
					fotos/10.6.jpg
				</personaje2>	
		</contenedor>
	</comic1>
	<comic1>
		<contenedor>
				<border1>
					 33px 33px 33px 33px
				</border1>
				<border2>
					 33px 33px 33px 33px
				</border2>
				<border3>
					 33px 33px 33px 33px
				</border3>
				<color>
					4px inset 	#F0FFF0
				</color>
				<width0>
						  95%
				</width0>
				<float0>
						center
				</float0>
				<fondiv>
					url(fotos/99.1.jpg)
				</fondiv>
			<contenido>
					
					contenido
					<float>
						center
					</float>
					<width>
						  80%
					</width>
				
				
					<principal>
						<float1>
							
						</float1>
						<width1>
							
						</width1>
					</principal>
					<secundario>
						<float2>
							
						</float2>
						<width2>
							
						</width2>
					</secundario>
			</contenido>
				<mensaje1>
						Según la Norma. NTC-ISO-IEC 27001 hace referencia a los siguientes ítems.
						A.9 SEGURIDAD FÍSICA Y DEL ENTORNO
						A.9.1.1 Perímetro de seguridad física
						A.9.1.2 Controles de acceso físico.
						A.9.1.3 Seguridad de oficinas, recintos e instalaciones.
						A.9.2.4 4 Mantenimiento de los equipos

					<widthmen1>
						600px
					</widthmen1>
					<heightmen1>
						90px
					</heightmen1>
					<colormen1>
						#F0FFF0
					</colormen1>
					
				</mensaje1>
				<mensaje2>
					<widthmen2>
					</widthmen2>
					<heightmen2>
					</heightmen2>
					<colormen2>
					</colormen2>


				</mensaje2>	

				<personaje1>
					
				</personaje1>
				<personaje2>
					
				</personaje2>	
		</contenedor>
	</comic1>




</comic>